CREATE DATABASE  IF NOT EXISTS `parking_management` /*!40100 DEFAULT CHARACTER SET utf8 COLLATE utf8_unicode_ci */;
USE `parking_management`;
-- MySQL dump 10.13  Distrib 8.0.14, for Win64 (x86_64)
--
-- Host: localhost    Database: parking_management
-- ------------------------------------------------------
-- Server version	8.0.14

/*!40101 SET @OLD_CHARACTER_SET_CLIENT=@@CHARACTER_SET_CLIENT */;
/*!40101 SET @OLD_CHARACTER_SET_RESULTS=@@CHARACTER_SET_RESULTS */;
/*!40101 SET @OLD_COLLATION_CONNECTION=@@COLLATION_CONNECTION */;
 SET NAMES utf8 ;
/*!40103 SET @OLD_TIME_ZONE=@@TIME_ZONE */;
/*!40103 SET TIME_ZONE='+00:00' */;
/*!40014 SET @OLD_UNIQUE_CHECKS=@@UNIQUE_CHECKS, UNIQUE_CHECKS=0 */;
/*!40014 SET @OLD_FOREIGN_KEY_CHECKS=@@FOREIGN_KEY_CHECKS, FOREIGN_KEY_CHECKS=0 */;
/*!40101 SET @OLD_SQL_MODE=@@SQL_MODE, SQL_MODE='NO_AUTO_VALUE_ON_ZERO' */;
/*!40111 SET @OLD_SQL_NOTES=@@SQL_NOTES, SQL_NOTES=0 */;

--
-- Table structure for table `parking_area`
--

DROP TABLE IF EXISTS `parking_area`;
/*!40101 SET @saved_cs_client     = @@character_set_client */;
 SET character_set_client = utf8 ;
CREATE TABLE `parking_area` (
  `Area_Id` int(11) NOT NULL AUTO_INCREMENT,
  `Area_Name` varchar(45) NOT NULL,
  PRIMARY KEY (`Area_Id`),
  UNIQUE KEY `Area_Name_UNIQUE` (`Area_Name`)
) ENGINE=InnoDB AUTO_INCREMENT=15 DEFAULT CHARSET=utf8 COLLATE=utf8_unicode_ci;
/*!40101 SET character_set_client = @saved_cs_client */;

--
-- Dumping data for table `parking_area`
--

LOCK TABLES `parking_area` WRITE;
/*!40000 ALTER TABLE `parking_area` DISABLE KEYS */;
INSERT INTO `parking_area` VALUES (10,'Davis'),(11,'Maverick'),(9,'Nedderman'),(13,'New'),(14,'Nikhil'),(6,'Test'),(7,'Test2'),(8,'Test3'),(12,'West Garage');
/*!40000 ALTER TABLE `parking_area` ENABLE KEYS */;
UNLOCK TABLES;

--
-- Table structure for table `parking_area_floors`
--

DROP TABLE IF EXISTS `parking_area_floors`;
/*!40101 SET @saved_cs_client     = @@character_set_client */;
 SET character_set_client = utf8 ;
CREATE TABLE `parking_area_floors` (
  `Area_Id` int(11) NOT NULL,
  `Floor_Number` int(11) NOT NULL,
  `PermitType` varchar(10) NOT NULL,
  `No_Spots` int(3) NOT NULL,
  PRIMARY KEY (`Area_Id`,`Floor_Number`,`PermitType`),
  KEY `floor_index` (`Floor_Number`),
  KEY `permit_index` (`PermitType`),
  CONSTRAINT `parking_area_floor_FK` FOREIGN KEY (`Area_Id`) REFERENCES `parking_area` (`Area_Id`) ON DELETE CASCADE ON UPDATE CASCADE
) ENGINE=InnoDB DEFAULT CHARSET=utf8 COLLATE=utf8_unicode_ci;
/*!40101 SET character_set_client = @saved_cs_client */;

--
-- Dumping data for table `parking_area_floors`
--

LOCK TABLES `parking_area_floors` WRITE;
/*!40000 ALTER TABLE `parking_area_floors` DISABLE KEYS */;
INSERT INTO `parking_area_floors` VALUES (6,2,'Basic',34),(6,2,'Premium',34),(7,4,'Basic',4),(8,2,'Basic',2),(9,1,'Access',20),(9,1,'Basic',180),(10,1,'Access',20),(10,1,'Basic',150),(11,1,'Access',20),(11,1,'Basic',200),(12,1,'Access',20),(12,1,'Premium',230),(12,2,'Midrange',250),(12,3,'Midrange',250),(12,4,'Midrange',250),(12,5,'Basic',250),(13,1,'Midrange',10),(13,2,'Basic',13),(14,1,'Basic',12),(14,2,'Basic',20);
/*!40000 ALTER TABLE `parking_area_floors` ENABLE KEYS */;
UNLOCK TABLES;

--
-- Table structure for table `parking_spots`
--

DROP TABLE IF EXISTS `parking_spots`;
/*!40101 SET @saved_cs_client     = @@character_set_client */;
 SET character_set_client = utf8 ;
CREATE TABLE `parking_spots` (
  `Area_Id` int(11) NOT NULL,
  `Floor_Number` int(11) NOT NULL,
  `Spot_Id` int(11) NOT NULL,
  `IsBlocked` tinyint(4) DEFAULT '0',
  `PermitType` varchar(10) NOT NULL,
  `Spot_UID` int(11) NOT NULL AUTO_INCREMENT,
  PRIMARY KEY (`Area_Id`,`Floor_Number`,`Spot_Id`,`PermitType`),
  UNIQUE KEY `Spot_UID_UNIQUE` (`Spot_UID`),
  KEY `parking_slot_floor_FK_idx` (`Floor_Number`),
  KEY `parking_slot_permit_FK_idx` (`PermitType`),
  CONSTRAINT `parking_permit_type_FK` FOREIGN KEY (`PermitType`) REFERENCES `parking_area_floors` (`PermitType`) ON DELETE CASCADE ON UPDATE CASCADE,
  CONSTRAINT `parking_slot_area_FK` FOREIGN KEY (`Area_Id`) REFERENCES `parking_area` (`Area_Id`) ON DELETE CASCADE ON UPDATE CASCADE,
  CONSTRAINT `parking_slot_floor_FK` FOREIGN KEY (`Floor_Number`) REFERENCES `parking_area_floors` (`Floor_Number`) ON DELETE CASCADE ON UPDATE CASCADE
) ENGINE=InnoDB AUTO_INCREMENT=2034 DEFAULT CHARSET=utf8 COLLATE=utf8_unicode_ci;
/*!40101 SET character_set_client = @saved_cs_client */;

--
-- Dumping data for table `parking_spots`
--

LOCK TABLES `parking_spots` WRITE;
/*!40000 ALTER TABLE `parking_spots` DISABLE KEYS */;
INSERT INTO `parking_spots` VALUES (6,2,1,1,'Basic',99),(6,2,1,1,'Premium',65),(6,2,2,0,'Basic',100),(6,2,2,0,'Premium',66),(6,2,3,0,'Basic',101),(6,2,3,0,'Premium',67),(6,2,4,0,'Basic',102),(6,2,4,0,'Premium',68),(6,2,5,0,'Basic',103),(6,2,5,0,'Premium',69),(6,2,6,0,'Basic',104),(6,2,6,0,'Premium',70),(6,2,7,0,'Basic',105),(6,2,7,0,'Premium',71),(6,2,8,0,'Basic',106),(6,2,8,0,'Premium',72),(6,2,9,0,'Basic',107),(6,2,9,0,'Premium',73),(6,2,10,0,'Basic',108),(6,2,10,0,'Premium',74),(6,2,11,0,'Basic',109),(6,2,11,0,'Premium',75),(6,2,12,0,'Basic',110),(6,2,12,0,'Premium',76),(6,2,13,0,'Basic',111),(6,2,13,0,'Premium',77),(6,2,14,0,'Basic',112),(6,2,14,0,'Premium',78),(6,2,15,0,'Basic',113),(6,2,15,0,'Premium',79),(6,2,16,0,'Basic',114),(6,2,16,0,'Premium',80),(6,2,17,0,'Basic',115),(6,2,17,0,'Premium',81),(6,2,18,0,'Basic',116),(6,2,18,0,'Premium',82),(6,2,19,0,'Basic',117),(6,2,19,0,'Premium',83),(6,2,20,0,'Basic',118),(6,2,20,0,'Premium',84),(6,2,21,0,'Basic',119),(6,2,21,0,'Premium',85),(6,2,22,0,'Basic',120),(6,2,22,0,'Premium',86),(6,2,23,0,'Basic',121),(6,2,23,0,'Premium',87),(6,2,24,0,'Basic',122),(6,2,24,0,'Premium',88),(6,2,25,0,'Basic',123),(6,2,25,0,'Premium',89),(6,2,26,0,'Basic',124),(6,2,26,0,'Premium',90),(6,2,27,0,'Basic',125),(6,2,27,0,'Premium',91),(6,2,28,0,'Basic',126),(6,2,28,0,'Premium',92),(6,2,29,0,'Basic',127),(6,2,29,0,'Premium',93),(6,2,30,0,'Basic',128),(6,2,30,0,'Premium',94),(6,2,31,0,'Basic',129),(6,2,31,0,'Premium',95),(6,2,32,0,'Basic',130),(6,2,32,0,'Premium',96),(6,2,33,0,'Basic',131),(6,2,33,0,'Premium',97),(6,2,34,0,'Basic',132),(6,2,34,0,'Premium',98),(7,4,1,0,'Basic',133),(7,4,2,0,'Basic',134),(7,4,3,0,'Basic',135),(7,4,4,0,'Basic',136),(8,2,1,0,'Basic',137),(8,2,2,0,'Basic',138),(9,1,1,0,'Access',139),(9,1,1,0,'Basic',1549),(9,1,2,0,'Access',140),(9,1,2,0,'Basic',1550),(9,1,3,0,'Access',141),(9,1,3,0,'Basic',1551),(9,1,4,0,'Access',142),(9,1,4,0,'Basic',1552),(9,1,5,0,'Access',143),(9,1,5,0,'Basic',1553),(9,1,6,0,'Access',144),(9,1,6,0,'Basic',1554),(9,1,7,0,'Access',145),(9,1,7,0,'Basic',1555),(9,1,8,0,'Access',146),(9,1,8,0,'Basic',1556),(9,1,9,0,'Access',147),(9,1,9,0,'Basic',1557),(9,1,10,0,'Access',148),(9,1,10,0,'Basic',1558),(9,1,11,0,'Access',149),(9,1,11,0,'Basic',1559),(9,1,12,0,'Access',150),(9,1,12,0,'Basic',1560),(9,1,13,0,'Access',151),(9,1,13,0,'Basic',1561),(9,1,14,0,'Access',152),(9,1,14,0,'Basic',1562),(9,1,15,0,'Access',153),(9,1,15,0,'Basic',1563),(9,1,16,0,'Access',154),(9,1,16,0,'Basic',1564),(9,1,17,0,'Access',155),(9,1,17,0,'Basic',1565),(9,1,18,0,'Access',156),(9,1,18,0,'Basic',1566),(9,1,19,0,'Access',157),(9,1,19,0,'Basic',1567),(9,1,20,0,'Access',158),(9,1,20,0,'Basic',1568),(9,1,21,0,'Basic',1569),(9,1,22,0,'Basic',1570),(9,1,23,0,'Basic',1571),(9,1,24,0,'Basic',1572),(9,1,25,0,'Basic',1573),(9,1,26,0,'Basic',1574),(9,1,27,0,'Basic',1575),(9,1,28,0,'Basic',1576),(9,1,29,0,'Basic',1577),(9,1,30,0,'Basic',1578),(9,1,31,0,'Basic',1579),(9,1,32,0,'Basic',1580),(9,1,33,0,'Basic',1581),(9,1,34,0,'Basic',1582),(9,1,35,0,'Basic',1583),(9,1,36,0,'Basic',1584),(9,1,37,0,'Basic',1585),(9,1,38,0,'Basic',1586),(9,1,39,0,'Basic',1587),(9,1,40,0,'Basic',1588),(9,1,41,0,'Basic',1589),(9,1,42,0,'Basic',1590),(9,1,43,0,'Basic',1591),(9,1,44,0,'Basic',1592),(9,1,45,0,'Basic',1593),(9,1,46,0,'Basic',1594),(9,1,47,0,'Basic',1595),(9,1,48,0,'Basic',1596),(9,1,49,0,'Basic',1597),(9,1,50,0,'Basic',1598),(9,1,51,0,'Basic',1599),(9,1,52,0,'Basic',1600),(9,1,53,0,'Basic',1601),(9,1,54,0,'Basic',1602),(9,1,55,0,'Basic',1603),(9,1,56,0,'Basic',1604),(9,1,57,0,'Basic',1605),(9,1,58,0,'Basic',1606),(9,1,59,0,'Basic',1607),(9,1,60,0,'Basic',1608),(9,1,61,0,'Basic',1609),(9,1,62,0,'Basic',1610),(9,1,63,0,'Basic',1611),(9,1,64,0,'Basic',1612),(9,1,65,0,'Basic',1613),(9,1,66,0,'Basic',1614),(9,1,67,0,'Basic',1615),(9,1,68,0,'Basic',1616),(9,1,69,0,'Basic',1617),(9,1,70,0,'Basic',1618),(9,1,71,0,'Basic',1619),(9,1,72,0,'Basic',1620),(9,1,73,0,'Basic',1621),(9,1,74,0,'Basic',1622),(9,1,75,0,'Basic',1623),(9,1,76,0,'Basic',1624),(9,1,77,0,'Basic',1625),(9,1,78,0,'Basic',1626),(9,1,79,0,'Basic',1627),(9,1,80,0,'Basic',1628),(9,1,81,0,'Basic',1629),(9,1,82,0,'Basic',1630),(9,1,83,0,'Basic',1631),(9,1,84,0,'Basic',1632),(9,1,85,0,'Basic',1633),(9,1,86,0,'Basic',1634),(9,1,87,0,'Basic',1635),(9,1,88,0,'Basic',1636),(9,1,89,0,'Basic',1637),(9,1,90,0,'Basic',1638),(9,1,91,0,'Basic',1639),(9,1,92,0,'Basic',1640),(9,1,93,0,'Basic',1641),(9,1,94,0,'Basic',1642),(9,1,95,0,'Basic',1643),(9,1,96,0,'Basic',1644),(9,1,97,0,'Basic',1645),(9,1,98,0,'Basic',1646),(9,1,99,0,'Basic',1647),(9,1,100,0,'Basic',1648),(9,1,101,0,'Basic',1649),(9,1,102,0,'Basic',1650),(9,1,103,0,'Basic',1651),(9,1,104,0,'Basic',1652),(9,1,105,0,'Basic',1653),(9,1,106,0,'Basic',1654),(9,1,107,0,'Basic',1655),(9,1,108,0,'Basic',1656),(9,1,109,0,'Basic',1657),(9,1,110,0,'Basic',1658),(9,1,111,0,'Basic',1659),(9,1,112,0,'Basic',1660),(9,1,113,0,'Basic',1661),(9,1,114,0,'Basic',1662),(9,1,115,0,'Basic',1663),(9,1,116,0,'Basic',1664),(9,1,117,0,'Basic',1665),(9,1,118,0,'Basic',1666),(9,1,119,0,'Basic',1667),(9,1,120,0,'Basic',1668),(9,1,121,0,'Basic',1669),(9,1,122,0,'Basic',1670),(9,1,123,0,'Basic',1671),(9,1,124,0,'Basic',1672),(9,1,125,0,'Basic',1673),(9,1,126,0,'Basic',1674),(9,1,127,0,'Basic',1675),(9,1,128,0,'Basic',1676),(9,1,129,0,'Basic',1677),(9,1,130,0,'Basic',1678),(9,1,131,0,'Basic',1679),(9,1,132,0,'Basic',1680),(9,1,133,0,'Basic',1681),(9,1,134,0,'Basic',1682),(9,1,135,0,'Basic',1683),(9,1,136,0,'Basic',1684),(9,1,137,0,'Basic',1685),(9,1,138,0,'Basic',1686),(9,1,139,0,'Basic',1687),(9,1,140,0,'Basic',1688),(9,1,141,0,'Basic',1689),(9,1,142,0,'Basic',1690),(9,1,143,0,'Basic',1691),(9,1,144,0,'Basic',1692),(9,1,145,0,'Basic',1693),(9,1,146,0,'Basic',1694),(9,1,147,0,'Basic',1695),(9,1,148,0,'Basic',1696),(9,1,149,0,'Basic',1697),(9,1,150,0,'Basic',1698),(9,1,151,0,'Basic',1699),(9,1,152,0,'Basic',1700),(9,1,153,0,'Basic',1701),(9,1,154,0,'Basic',1702),(9,1,155,0,'Basic',1703),(9,1,156,0,'Basic',1704),(9,1,157,0,'Basic',1705),(9,1,158,0,'Basic',1706),(9,1,159,0,'Basic',1707),(9,1,160,0,'Basic',1708),(9,1,161,0,'Basic',1709),(9,1,162,0,'Basic',1710),(9,1,163,0,'Basic',1711),(9,1,164,0,'Basic',1712),(9,1,165,0,'Basic',1713),(9,1,166,0,'Basic',1714),(9,1,167,0,'Basic',1715),(9,1,168,0,'Basic',1716),(9,1,169,0,'Basic',1717),(9,1,170,0,'Basic',1718),(9,1,171,0,'Basic',1719),(9,1,172,0,'Basic',1720),(9,1,173,0,'Basic',1721),(9,1,174,0,'Basic',1722),(9,1,175,0,'Basic',1723),(9,1,176,0,'Basic',1724),(9,1,177,0,'Basic',1725),(9,1,178,0,'Basic',1726),(9,1,179,0,'Basic',1727),(9,1,180,0,'Basic',1728),(10,1,1,0,'Access',1529),(10,1,1,0,'Basic',159),(10,1,2,0,'Access',1530),(10,1,2,0,'Basic',160),(10,1,3,0,'Access',1531),(10,1,3,0,'Basic',161),(10,1,4,0,'Access',1532),(10,1,4,0,'Basic',162),(10,1,5,0,'Access',1533),(10,1,5,0,'Basic',163),(10,1,6,0,'Access',1534),(10,1,6,0,'Basic',164),(10,1,7,0,'Access',1535),(10,1,7,0,'Basic',165),(10,1,8,0,'Access',1536),(10,1,8,0,'Basic',166),(10,1,9,0,'Access',1537),(10,1,9,0,'Basic',167),(10,1,10,0,'Access',1538),(10,1,10,0,'Basic',168),(10,1,11,0,'Access',1539),(10,1,11,0,'Basic',169),(10,1,12,0,'Access',1540),(10,1,12,0,'Basic',170),(10,1,13,0,'Access',1541),(10,1,13,0,'Basic',171),(10,1,14,0,'Access',1542),(10,1,14,0,'Basic',172),(10,1,15,0,'Access',1543),(10,1,15,0,'Basic',173),(10,1,16,0,'Access',1544),(10,1,16,0,'Basic',174),(10,1,17,0,'Access',1545),(10,1,17,0,'Basic',175),(10,1,18,0,'Access',1546),(10,1,18,0,'Basic',176),(10,1,19,0,'Access',1547),(10,1,19,0,'Basic',177),(10,1,20,0,'Access',1548),(10,1,20,0,'Basic',178),(10,1,21,0,'Basic',179),(10,1,22,0,'Basic',180),(10,1,23,0,'Basic',181),(10,1,24,0,'Basic',182),(10,1,25,0,'Basic',183),(10,1,26,0,'Basic',184),(10,1,27,0,'Basic',185),(10,1,28,0,'Basic',186),(10,1,29,0,'Basic',187),(10,1,30,0,'Basic',188),(10,1,31,0,'Basic',189),(10,1,32,0,'Basic',190),(10,1,33,0,'Basic',191),(10,1,34,0,'Basic',192),(10,1,35,0,'Basic',193),(10,1,36,0,'Basic',194),(10,1,37,0,'Basic',195),(10,1,38,0,'Basic',196),(10,1,39,0,'Basic',197),(10,1,40,0,'Basic',198),(10,1,41,0,'Basic',199),(10,1,42,0,'Basic',200),(10,1,43,0,'Basic',201),(10,1,44,0,'Basic',202),(10,1,45,0,'Basic',203),(10,1,46,0,'Basic',204),(10,1,47,0,'Basic',205),(10,1,48,0,'Basic',206),(10,1,49,0,'Basic',207),(10,1,50,0,'Basic',208),(10,1,51,0,'Basic',209),(10,1,52,0,'Basic',210),(10,1,53,0,'Basic',211),(10,1,54,0,'Basic',212),(10,1,55,0,'Basic',213),(10,1,56,0,'Basic',214),(10,1,57,0,'Basic',215),(10,1,58,0,'Basic',216),(10,1,59,0,'Basic',217),(10,1,60,0,'Basic',218),(10,1,61,0,'Basic',219),(10,1,62,0,'Basic',220),(10,1,63,0,'Basic',221),(10,1,64,0,'Basic',222),(10,1,65,0,'Basic',223),(10,1,66,0,'Basic',224),(10,1,67,0,'Basic',225),(10,1,68,0,'Basic',226),(10,1,69,0,'Basic',227),(10,1,70,0,'Basic',228),(10,1,71,0,'Basic',229),(10,1,72,0,'Basic',230),(10,1,73,0,'Basic',231),(10,1,74,0,'Basic',232),(10,1,75,0,'Basic',233),(10,1,76,0,'Basic',234),(10,1,77,0,'Basic',235),(10,1,78,0,'Basic',236),(10,1,79,0,'Basic',237),(10,1,80,0,'Basic',238),(10,1,81,0,'Basic',239),(10,1,82,0,'Basic',240),(10,1,83,0,'Basic',241),(10,1,84,0,'Basic',242),(10,1,85,0,'Basic',243),(10,1,86,0,'Basic',244),(10,1,87,0,'Basic',245),(10,1,88,0,'Basic',246),(10,1,89,0,'Basic',247),(10,1,90,0,'Basic',248),(10,1,91,0,'Basic',249),(10,1,92,0,'Basic',250),(10,1,93,0,'Basic',251),(10,1,94,0,'Basic',252),(10,1,95,0,'Basic',253),(10,1,96,0,'Basic',254),(10,1,97,0,'Basic',255),(10,1,98,0,'Basic',256),(10,1,99,0,'Basic',257),(10,1,100,0,'Basic',258),(10,1,101,0,'Basic',259),(10,1,102,0,'Basic',260),(10,1,103,0,'Basic',261),(10,1,104,0,'Basic',262),(10,1,105,0,'Basic',263),(10,1,106,0,'Basic',264),(10,1,107,0,'Basic',265),(10,1,108,0,'Basic',266),(10,1,109,0,'Basic',267),(10,1,110,0,'Basic',268),(10,1,111,0,'Basic',269),(10,1,112,0,'Basic',270),(10,1,113,0,'Basic',271),(10,1,114,0,'Basic',272),(10,1,115,0,'Basic',273),(10,1,116,0,'Basic',274),(10,1,117,0,'Basic',275),(10,1,118,0,'Basic',276),(10,1,119,0,'Basic',277),(10,1,120,0,'Basic',278),(10,1,121,0,'Basic',279),(10,1,122,0,'Basic',280),(10,1,123,0,'Basic',281),(10,1,124,0,'Basic',282),(10,1,125,0,'Basic',283),(10,1,126,0,'Basic',284),(10,1,127,0,'Basic',285),(10,1,128,0,'Basic',286),(10,1,129,0,'Basic',287),(10,1,130,0,'Basic',288),(10,1,131,0,'Basic',289),(10,1,132,0,'Basic',290),(10,1,133,0,'Basic',291),(10,1,134,0,'Basic',292),(10,1,135,0,'Basic',293),(10,1,136,0,'Basic',294),(10,1,137,0,'Basic',295),(10,1,138,0,'Basic',296),(10,1,139,0,'Basic',297),(10,1,140,0,'Basic',298),(10,1,141,0,'Basic',299),(10,1,142,0,'Basic',300),(10,1,143,0,'Basic',301),(10,1,144,0,'Basic',302),(10,1,145,0,'Basic',303),(10,1,146,0,'Basic',304),(10,1,147,0,'Basic',305),(10,1,148,0,'Basic',306),(10,1,149,0,'Basic',307),(10,1,150,0,'Basic',308),(11,1,1,1,'Access',309),(11,1,1,0,'Basic',849),(11,1,2,0,'Access',310),(11,1,2,0,'Basic',850),(11,1,3,0,'Access',311),(11,1,3,0,'Basic',851),(11,1,4,0,'Access',312),(11,1,4,0,'Basic',852),(11,1,5,0,'Access',313),(11,1,5,0,'Basic',853),(11,1,6,0,'Access',314),(11,1,6,0,'Basic',854),(11,1,7,0,'Access',315),(11,1,7,0,'Basic',855),(11,1,8,0,'Access',316),(11,1,8,0,'Basic',856),(11,1,9,0,'Access',317),(11,1,9,0,'Basic',857),(11,1,10,0,'Access',318),(11,1,10,0,'Basic',858),(11,1,11,0,'Access',319),(11,1,11,0,'Basic',859),(11,1,12,0,'Access',320),(11,1,12,0,'Basic',860),(11,1,13,0,'Access',321),(11,1,13,0,'Basic',861),(11,1,14,0,'Access',322),(11,1,14,0,'Basic',862),(11,1,15,0,'Access',323),(11,1,15,0,'Basic',863),(11,1,16,0,'Access',324),(11,1,16,0,'Basic',864),(11,1,17,0,'Access',325),(11,1,17,0,'Basic',865),(11,1,18,0,'Access',326),(11,1,18,0,'Basic',866),(11,1,19,0,'Access',327),(11,1,19,0,'Basic',867),(11,1,20,0,'Access',328),(11,1,20,0,'Basic',868),(11,1,21,0,'Basic',869),(11,1,22,0,'Basic',870),(11,1,23,0,'Basic',871),(11,1,24,0,'Basic',872),(11,1,25,0,'Basic',873),(11,1,26,0,'Basic',874),(11,1,27,0,'Basic',875),(11,1,28,0,'Basic',876),(11,1,29,0,'Basic',877),(11,1,30,0,'Basic',878),(11,1,31,0,'Basic',879),(11,1,32,0,'Basic',880),(11,1,33,0,'Basic',881),(11,1,34,0,'Basic',882),(11,1,35,0,'Basic',883),(11,1,36,0,'Basic',884),(11,1,37,0,'Basic',885),(11,1,38,0,'Basic',886),(11,1,39,0,'Basic',887),(11,1,40,0,'Basic',888),(11,1,41,0,'Basic',889),(11,1,42,0,'Basic',890),(11,1,43,0,'Basic',891),(11,1,44,0,'Basic',892),(11,1,45,0,'Basic',893),(11,1,46,0,'Basic',894),(11,1,47,0,'Basic',895),(11,1,48,0,'Basic',896),(11,1,49,0,'Basic',897),(11,1,50,0,'Basic',898),(11,1,51,0,'Basic',899),(11,1,52,0,'Basic',900),(11,1,53,0,'Basic',901),(11,1,54,0,'Basic',902),(11,1,55,0,'Basic',903),(11,1,56,0,'Basic',904),(11,1,57,0,'Basic',905),(11,1,58,0,'Basic',906),(11,1,59,0,'Basic',907),(11,1,60,0,'Basic',908),(11,1,61,0,'Basic',909),(11,1,62,0,'Basic',910),(11,1,63,0,'Basic',911),(11,1,64,0,'Basic',912),(11,1,65,0,'Basic',913),(11,1,66,0,'Basic',914),(11,1,67,0,'Basic',915),(11,1,68,0,'Basic',916),(11,1,69,0,'Basic',917),(11,1,70,0,'Basic',918),(11,1,71,0,'Basic',919),(11,1,72,0,'Basic',920),(11,1,73,0,'Basic',921),(11,1,74,0,'Basic',922),(11,1,75,0,'Basic',923),(11,1,76,0,'Basic',924),(11,1,77,0,'Basic',925),(11,1,78,0,'Basic',926),(11,1,79,0,'Basic',927),(11,1,80,0,'Basic',928),(11,1,81,0,'Basic',929),(11,1,82,0,'Basic',930),(11,1,83,0,'Basic',931),(11,1,84,0,'Basic',932),(11,1,85,0,'Basic',933),(11,1,86,0,'Basic',934),(11,1,87,0,'Basic',935),(11,1,88,0,'Basic',936),(11,1,89,0,'Basic',937),(11,1,90,0,'Basic',938),(11,1,91,0,'Basic',939),(11,1,92,0,'Basic',940),(11,1,93,0,'Basic',941),(11,1,94,0,'Basic',942),(11,1,95,0,'Basic',943),(11,1,96,0,'Basic',944),(11,1,97,0,'Basic',945),(11,1,98,0,'Basic',946),(11,1,99,0,'Basic',947),(11,1,100,0,'Basic',948),(11,1,101,0,'Basic',949),(11,1,102,0,'Basic',950),(11,1,103,0,'Basic',951),(11,1,104,0,'Basic',952),(11,1,105,0,'Basic',953),(11,1,106,0,'Basic',954),(11,1,107,0,'Basic',955),(11,1,108,0,'Basic',956),(11,1,109,0,'Basic',957),(11,1,110,0,'Basic',958),(11,1,111,0,'Basic',959),(11,1,112,0,'Basic',960),(11,1,113,0,'Basic',961),(11,1,114,0,'Basic',962),(11,1,115,0,'Basic',963),(11,1,116,0,'Basic',964),(11,1,117,0,'Basic',965),(11,1,118,0,'Basic',966),(11,1,119,0,'Basic',967),(11,1,120,0,'Basic',968),(11,1,121,0,'Basic',969),(11,1,122,0,'Basic',970),(11,1,123,0,'Basic',971),(11,1,124,0,'Basic',972),(11,1,125,0,'Basic',973),(11,1,126,0,'Basic',974),(11,1,127,0,'Basic',975),(11,1,128,0,'Basic',976),(11,1,129,0,'Basic',977),(11,1,130,0,'Basic',978),(11,1,131,0,'Basic',979),(11,1,132,0,'Basic',980),(11,1,133,0,'Basic',981),(11,1,134,0,'Basic',982),(11,1,135,0,'Basic',983),(11,1,136,0,'Basic',984),(11,1,137,0,'Basic',985),(11,1,138,0,'Basic',986),(11,1,139,0,'Basic',987),(11,1,140,0,'Basic',988),(11,1,141,0,'Basic',989),(11,1,142,0,'Basic',990),(11,1,143,0,'Basic',991),(11,1,144,0,'Basic',992),(11,1,145,0,'Basic',993),(11,1,146,0,'Basic',994),(11,1,147,0,'Basic',995),(11,1,148,0,'Basic',996),(11,1,149,0,'Basic',997),(11,1,150,0,'Basic',998),(11,1,151,0,'Basic',999),(11,1,152,0,'Basic',1000),(11,1,153,0,'Basic',1001),(11,1,154,0,'Basic',1002),(11,1,155,0,'Basic',1003),(11,1,156,0,'Basic',1004),(11,1,157,0,'Basic',1005),(11,1,158,0,'Basic',1006),(11,1,159,0,'Basic',1007),(11,1,160,0,'Basic',1008),(11,1,161,0,'Basic',1009),(11,1,162,0,'Basic',1010),(11,1,163,0,'Basic',1011),(11,1,164,0,'Basic',1012),(11,1,165,0,'Basic',1013),(11,1,166,0,'Basic',1014),(11,1,167,0,'Basic',1015),(11,1,168,0,'Basic',1016),(11,1,169,0,'Basic',1017),(11,1,170,0,'Basic',1018),(11,1,171,0,'Basic',1019),(11,1,172,0,'Basic',1020),(11,1,173,0,'Basic',1021),(11,1,174,0,'Basic',1022),(11,1,175,0,'Basic',1023),(11,1,176,0,'Basic',1024),(11,1,177,0,'Basic',1025),(11,1,178,0,'Basic',1026),(11,1,179,0,'Basic',1027),(11,1,180,0,'Basic',1028),(11,1,181,0,'Basic',1029),(11,1,182,0,'Basic',1030),(11,1,183,0,'Basic',1031),(11,1,184,0,'Basic',1032),(11,1,185,0,'Basic',1033),(11,1,186,0,'Basic',1034),(11,1,187,0,'Basic',1035),(11,1,188,0,'Basic',1036),(11,1,189,0,'Basic',1037),(11,1,190,0,'Basic',1038),(11,1,191,0,'Basic',1039),(11,1,192,0,'Basic',1040),(11,1,193,0,'Basic',1041),(11,1,194,0,'Basic',1042),(11,1,195,0,'Basic',1043),(11,1,196,0,'Basic',1044),(11,1,197,0,'Basic',1045),(11,1,198,0,'Basic',1046),(11,1,199,0,'Basic',1047),(11,1,200,0,'Basic',1048),(12,1,1,0,'Access',829),(12,1,1,0,'Premium',1299),(12,1,2,0,'Access',830),(12,1,2,0,'Premium',1300),(12,1,3,0,'Access',831),(12,1,3,0,'Premium',1301),(12,1,4,0,'Access',832),(12,1,4,0,'Premium',1302),(12,1,5,0,'Access',833),(12,1,5,0,'Premium',1303),(12,1,6,0,'Access',834),(12,1,6,0,'Premium',1304),(12,1,7,0,'Access',835),(12,1,7,0,'Premium',1305),(12,1,8,0,'Access',836),(12,1,8,0,'Premium',1306),(12,1,9,0,'Access',837),(12,1,9,0,'Premium',1307),(12,1,10,0,'Access',838),(12,1,10,0,'Premium',1308),(12,1,11,0,'Access',839),(12,1,11,0,'Premium',1309),(12,1,12,0,'Access',840),(12,1,12,0,'Premium',1310),(12,1,13,0,'Access',841),(12,1,13,0,'Premium',1311),(12,1,14,0,'Access',842),(12,1,14,0,'Premium',1312),(12,1,15,0,'Access',843),(12,1,15,0,'Premium',1313),(12,1,16,0,'Access',844),(12,1,16,0,'Premium',1314),(12,1,17,0,'Access',845),(12,1,17,0,'Premium',1315),(12,1,18,0,'Access',846),(12,1,18,0,'Premium',1316),(12,1,19,0,'Access',847),(12,1,19,0,'Premium',1317),(12,1,20,0,'Access',848),(12,1,20,0,'Premium',1318),(12,1,21,0,'Premium',1319),(12,1,22,0,'Premium',1320),(12,1,23,0,'Premium',1321),(12,1,24,0,'Premium',1322),(12,1,25,0,'Premium',1323),(12,1,26,0,'Premium',1324),(12,1,27,0,'Premium',1325),(12,1,28,0,'Premium',1326),(12,1,29,0,'Premium',1327),(12,1,30,0,'Premium',1328),(12,1,31,0,'Premium',1329),(12,1,32,0,'Premium',1330),(12,1,33,0,'Premium',1331),(12,1,34,0,'Premium',1332),(12,1,35,0,'Premium',1333),(12,1,36,0,'Premium',1334),(12,1,37,0,'Premium',1335),(12,1,38,0,'Premium',1336),(12,1,39,0,'Premium',1337),(12,1,40,0,'Premium',1338),(12,1,41,0,'Premium',1339),(12,1,42,0,'Premium',1340),(12,1,43,0,'Premium',1341),(12,1,44,0,'Premium',1342),(12,1,45,0,'Premium',1343),(12,1,46,0,'Premium',1344),(12,1,47,0,'Premium',1345),(12,1,48,0,'Premium',1346),(12,1,49,0,'Premium',1347),(12,1,50,0,'Premium',1348),(12,1,51,0,'Premium',1349),(12,1,52,0,'Premium',1350),(12,1,53,0,'Premium',1351),(12,1,54,0,'Premium',1352),(12,1,55,0,'Premium',1353),(12,1,56,0,'Premium',1354),(12,1,57,0,'Premium',1355),(12,1,58,0,'Premium',1356),(12,1,59,0,'Premium',1357),(12,1,60,0,'Premium',1358),(12,1,61,0,'Premium',1359),(12,1,62,0,'Premium',1360),(12,1,63,0,'Premium',1361),(12,1,64,0,'Premium',1362),(12,1,65,0,'Premium',1363),(12,1,66,0,'Premium',1364),(12,1,67,0,'Premium',1365),(12,1,68,0,'Premium',1366),(12,1,69,0,'Premium',1367),(12,1,70,0,'Premium',1368),(12,1,71,0,'Premium',1369),(12,1,72,0,'Premium',1370),(12,1,73,0,'Premium',1371),(12,1,74,0,'Premium',1372),(12,1,75,0,'Premium',1373),(12,1,76,0,'Premium',1374),(12,1,77,0,'Premium',1375),(12,1,78,0,'Premium',1376),(12,1,79,0,'Premium',1377),(12,1,80,0,'Premium',1378),(12,1,81,0,'Premium',1379),(12,1,82,0,'Premium',1380),(12,1,83,0,'Premium',1381),(12,1,84,0,'Premium',1382),(12,1,85,0,'Premium',1383),(12,1,86,0,'Premium',1384),(12,1,87,0,'Premium',1385),(12,1,88,0,'Premium',1386),(12,1,89,0,'Premium',1387),(12,1,90,0,'Premium',1388),(12,1,91,0,'Premium',1389),(12,1,92,0,'Premium',1390),(12,1,93,0,'Premium',1391),(12,1,94,0,'Premium',1392),(12,1,95,0,'Premium',1393),(12,1,96,0,'Premium',1394),(12,1,97,0,'Premium',1395),(12,1,98,0,'Premium',1396),(12,1,99,0,'Premium',1397),(12,1,100,0,'Premium',1398),(12,1,101,0,'Premium',1399),(12,1,102,0,'Premium',1400),(12,1,103,0,'Premium',1401),(12,1,104,0,'Premium',1402),(12,1,105,0,'Premium',1403),(12,1,106,0,'Premium',1404),(12,1,107,0,'Premium',1405),(12,1,108,0,'Premium',1406),(12,1,109,0,'Premium',1407),(12,1,110,0,'Premium',1408),(12,1,111,0,'Premium',1409),(12,1,112,0,'Premium',1410),(12,1,113,0,'Premium',1411),(12,1,114,0,'Premium',1412),(12,1,115,0,'Premium',1413),(12,1,116,0,'Premium',1414),(12,1,117,0,'Premium',1415),(12,1,118,0,'Premium',1416),(12,1,119,0,'Premium',1417),(12,1,120,0,'Premium',1418),(12,1,121,0,'Premium',1419),(12,1,122,0,'Premium',1420),(12,1,123,0,'Premium',1421),(12,1,124,0,'Premium',1422),(12,1,125,0,'Premium',1423),(12,1,126,0,'Premium',1424),(12,1,127,0,'Premium',1425),(12,1,128,0,'Premium',1426),(12,1,129,0,'Premium',1427),(12,1,130,0,'Premium',1428),(12,1,131,0,'Premium',1429),(12,1,132,0,'Premium',1430),(12,1,133,0,'Premium',1431),(12,1,134,0,'Premium',1432),(12,1,135,0,'Premium',1433),(12,1,136,0,'Premium',1434),(12,1,137,0,'Premium',1435),(12,1,138,0,'Premium',1436),(12,1,139,0,'Premium',1437),(12,1,140,0,'Premium',1438),(12,1,141,0,'Premium',1439),(12,1,142,0,'Premium',1440),(12,1,143,0,'Premium',1441),(12,1,144,0,'Premium',1442),(12,1,145,0,'Premium',1443),(12,1,146,0,'Premium',1444),(12,1,147,0,'Premium',1445),(12,1,148,0,'Premium',1446),(12,1,149,0,'Premium',1447),(12,1,150,0,'Premium',1448),(12,1,151,0,'Premium',1449),(12,1,152,0,'Premium',1450),(12,1,153,0,'Premium',1451),(12,1,154,0,'Premium',1452),(12,1,155,0,'Premium',1453),(12,1,156,0,'Premium',1454),(12,1,157,0,'Premium',1455),(12,1,158,0,'Premium',1456),(12,1,159,0,'Premium',1457),(12,1,160,0,'Premium',1458),(12,1,161,0,'Premium',1459),(12,1,162,0,'Premium',1460),(12,1,163,0,'Premium',1461),(12,1,164,0,'Premium',1462),(12,1,165,0,'Premium',1463),(12,1,166,0,'Premium',1464),(12,1,167,0,'Premium',1465),(12,1,168,0,'Premium',1466),(12,1,169,0,'Premium',1467),(12,1,170,0,'Premium',1468),(12,1,171,0,'Premium',1469),(12,1,172,0,'Premium',1470),(12,1,173,0,'Premium',1471),(12,1,174,0,'Premium',1472),(12,1,175,0,'Premium',1473),(12,1,176,0,'Premium',1474),(12,1,177,0,'Premium',1475),(12,1,178,0,'Premium',1476),(12,1,179,0,'Premium',1477),(12,1,180,0,'Premium',1478),(12,1,181,0,'Premium',1479),(12,1,182,0,'Premium',1480),(12,1,183,0,'Premium',1481),(12,1,184,0,'Premium',1482),(12,1,185,0,'Premium',1483),(12,1,186,0,'Premium',1484),(12,1,187,0,'Premium',1485),(12,1,188,0,'Premium',1486),(12,1,189,0,'Premium',1487),(12,1,190,0,'Premium',1488),(12,1,191,0,'Premium',1489),(12,1,192,0,'Premium',1490),(12,1,193,0,'Premium',1491),(12,1,194,0,'Premium',1492),(12,1,195,0,'Premium',1493),(12,1,196,0,'Premium',1494),(12,1,197,0,'Premium',1495),(12,1,198,0,'Premium',1496),(12,1,199,0,'Premium',1497),(12,1,200,0,'Premium',1498),(12,1,201,0,'Premium',1499),(12,1,202,0,'Premium',1500),(12,1,203,0,'Premium',1501),(12,1,204,0,'Premium',1502),(12,1,205,0,'Premium',1503),(12,1,206,0,'Premium',1504),(12,1,207,0,'Premium',1505),(12,1,208,0,'Premium',1506),(12,1,209,0,'Premium',1507),(12,1,210,0,'Premium',1508),(12,1,211,0,'Premium',1509),(12,1,212,0,'Premium',1510),(12,1,213,0,'Premium',1511),(12,1,214,0,'Premium',1512),(12,1,215,0,'Premium',1513),(12,1,216,0,'Premium',1514),(12,1,217,0,'Premium',1515),(12,1,218,0,'Premium',1516),(12,1,219,0,'Premium',1517),(12,1,220,0,'Premium',1518),(12,1,221,0,'Premium',1519),(12,1,222,0,'Premium',1520),(12,1,223,0,'Premium',1521),(12,1,224,0,'Premium',1522),(12,1,225,0,'Premium',1523),(12,1,226,0,'Premium',1524),(12,1,227,0,'Premium',1525),(12,1,228,0,'Premium',1526),(12,1,229,0,'Premium',1527),(12,1,230,0,'Premium',1528),(12,2,1,0,'Midrange',579),(12,2,2,0,'Midrange',580),(12,2,3,0,'Midrange',581),(12,2,4,0,'Midrange',582),(12,2,5,0,'Midrange',583),(12,2,6,0,'Midrange',584),(12,2,7,0,'Midrange',585),(12,2,8,0,'Midrange',586),(12,2,9,0,'Midrange',587),(12,2,10,0,'Midrange',588),(12,2,11,0,'Midrange',589),(12,2,12,0,'Midrange',590),(12,2,13,0,'Midrange',591),(12,2,14,0,'Midrange',592),(12,2,15,0,'Midrange',593),(12,2,16,0,'Midrange',594),(12,2,17,0,'Midrange',595),(12,2,18,0,'Midrange',596),(12,2,19,0,'Midrange',597),(12,2,20,0,'Midrange',598),(12,2,21,0,'Midrange',599),(12,2,22,0,'Midrange',600),(12,2,23,0,'Midrange',601),(12,2,24,0,'Midrange',602),(12,2,25,0,'Midrange',603),(12,2,26,0,'Midrange',604),(12,2,27,0,'Midrange',605),(12,2,28,0,'Midrange',606),(12,2,29,0,'Midrange',607),(12,2,30,0,'Midrange',608),(12,2,31,0,'Midrange',609),(12,2,32,0,'Midrange',610),(12,2,33,0,'Midrange',611),(12,2,34,0,'Midrange',612),(12,2,35,0,'Midrange',613),(12,2,36,0,'Midrange',614),(12,2,37,0,'Midrange',615),(12,2,38,0,'Midrange',616),(12,2,39,0,'Midrange',617),(12,2,40,0,'Midrange',618),(12,2,41,0,'Midrange',619),(12,2,42,0,'Midrange',620),(12,2,43,0,'Midrange',621),(12,2,44,0,'Midrange',622),(12,2,45,0,'Midrange',623),(12,2,46,0,'Midrange',624),(12,2,47,0,'Midrange',625),(12,2,48,0,'Midrange',626),(12,2,49,0,'Midrange',627),(12,2,50,0,'Midrange',628),(12,2,51,0,'Midrange',629),(12,2,52,0,'Midrange',630),(12,2,53,0,'Midrange',631),(12,2,54,0,'Midrange',632),(12,2,55,0,'Midrange',633),(12,2,56,0,'Midrange',634),(12,2,57,0,'Midrange',635),(12,2,58,0,'Midrange',636),(12,2,59,0,'Midrange',637),(12,2,60,0,'Midrange',638),(12,2,61,0,'Midrange',639),(12,2,62,0,'Midrange',640),(12,2,63,0,'Midrange',641),(12,2,64,0,'Midrange',642),(12,2,65,0,'Midrange',643),(12,2,66,0,'Midrange',644),(12,2,67,0,'Midrange',645),(12,2,68,0,'Midrange',646),(12,2,69,0,'Midrange',647),(12,2,70,0,'Midrange',648),(12,2,71,0,'Midrange',649),(12,2,72,0,'Midrange',650),(12,2,73,0,'Midrange',651),(12,2,74,0,'Midrange',652),(12,2,75,0,'Midrange',653),(12,2,76,0,'Midrange',654),(12,2,77,0,'Midrange',655),(12,2,78,0,'Midrange',656),(12,2,79,0,'Midrange',657),(12,2,80,0,'Midrange',658),(12,2,81,0,'Midrange',659),(12,2,82,0,'Midrange',660),(12,2,83,0,'Midrange',661),(12,2,84,0,'Midrange',662),(12,2,85,0,'Midrange',663),(12,2,86,0,'Midrange',664),(12,2,87,0,'Midrange',665),(12,2,88,0,'Midrange',666),(12,2,89,0,'Midrange',667),(12,2,90,0,'Midrange',668),(12,2,91,0,'Midrange',669),(12,2,92,0,'Midrange',670),(12,2,93,0,'Midrange',671),(12,2,94,0,'Midrange',672),(12,2,95,0,'Midrange',673),(12,2,96,0,'Midrange',674),(12,2,97,0,'Midrange',675),(12,2,98,0,'Midrange',676),(12,2,99,0,'Midrange',677),(12,2,100,0,'Midrange',678),(12,2,101,0,'Midrange',679),(12,2,102,0,'Midrange',680),(12,2,103,0,'Midrange',681),(12,2,104,0,'Midrange',682),(12,2,105,0,'Midrange',683),(12,2,106,0,'Midrange',684),(12,2,107,0,'Midrange',685),(12,2,108,0,'Midrange',686),(12,2,109,0,'Midrange',687),(12,2,110,0,'Midrange',688),(12,2,111,0,'Midrange',689),(12,2,112,0,'Midrange',690),(12,2,113,0,'Midrange',691),(12,2,114,0,'Midrange',692),(12,2,115,0,'Midrange',693),(12,2,116,0,'Midrange',694),(12,2,117,0,'Midrange',695),(12,2,118,0,'Midrange',696),(12,2,119,0,'Midrange',697),(12,2,120,0,'Midrange',698),(12,2,121,0,'Midrange',699),(12,2,122,0,'Midrange',700),(12,2,123,0,'Midrange',701),(12,2,124,0,'Midrange',702),(12,2,125,0,'Midrange',703),(12,2,126,0,'Midrange',704),(12,2,127,0,'Midrange',705),(12,2,128,0,'Midrange',706),(12,2,129,0,'Midrange',707),(12,2,130,0,'Midrange',708),(12,2,131,0,'Midrange',709),(12,2,132,0,'Midrange',710),(12,2,133,0,'Midrange',711),(12,2,134,0,'Midrange',712),(12,2,135,0,'Midrange',713),(12,2,136,0,'Midrange',714),(12,2,137,0,'Midrange',715),(12,2,138,0,'Midrange',716),(12,2,139,0,'Midrange',717),(12,2,140,0,'Midrange',718),(12,2,141,0,'Midrange',719),(12,2,142,0,'Midrange',720),(12,2,143,0,'Midrange',721),(12,2,144,0,'Midrange',722),(12,2,145,0,'Midrange',723),(12,2,146,0,'Midrange',724),(12,2,147,0,'Midrange',725),(12,2,148,0,'Midrange',726),(12,2,149,0,'Midrange',727),(12,2,150,0,'Midrange',728),(12,2,151,0,'Midrange',729),(12,2,152,0,'Midrange',730),(12,2,153,0,'Midrange',731),(12,2,154,0,'Midrange',732),(12,2,155,0,'Midrange',733),(12,2,156,0,'Midrange',734),(12,2,157,0,'Midrange',735),(12,2,158,0,'Midrange',736),(12,2,159,0,'Midrange',737),(12,2,160,0,'Midrange',738),(12,2,161,0,'Midrange',739),(12,2,162,0,'Midrange',740),(12,2,163,0,'Midrange',741),(12,2,164,0,'Midrange',742),(12,2,165,0,'Midrange',743),(12,2,166,0,'Midrange',744),(12,2,167,0,'Midrange',745),(12,2,168,0,'Midrange',746),(12,2,169,0,'Midrange',747),(12,2,170,0,'Midrange',748),(12,2,171,0,'Midrange',749),(12,2,172,0,'Midrange',750),(12,2,173,0,'Midrange',751),(12,2,174,0,'Midrange',752),(12,2,175,0,'Midrange',753),(12,2,176,0,'Midrange',754),(12,2,177,0,'Midrange',755),(12,2,178,0,'Midrange',756),(12,2,179,0,'Midrange',757),(12,2,180,0,'Midrange',758),(12,2,181,0,'Midrange',759),(12,2,182,0,'Midrange',760),(12,2,183,0,'Midrange',761),(12,2,184,0,'Midrange',762),(12,2,185,0,'Midrange',763),(12,2,186,0,'Midrange',764),(12,2,187,0,'Midrange',765),(12,2,188,0,'Midrange',766),(12,2,189,0,'Midrange',767),(12,2,190,0,'Midrange',768),(12,2,191,0,'Midrange',769),(12,2,192,0,'Midrange',770),(12,2,193,0,'Midrange',771),(12,2,194,0,'Midrange',772),(12,2,195,0,'Midrange',773),(12,2,196,0,'Midrange',774),(12,2,197,0,'Midrange',775),(12,2,198,0,'Midrange',776),(12,2,199,0,'Midrange',777),(12,2,200,0,'Midrange',778),(12,2,201,0,'Midrange',779),(12,2,202,0,'Midrange',780),(12,2,203,0,'Midrange',781),(12,2,204,0,'Midrange',782),(12,2,205,0,'Midrange',783),(12,2,206,0,'Midrange',784),(12,2,207,0,'Midrange',785),(12,2,208,0,'Midrange',786),(12,2,209,0,'Midrange',787),(12,2,210,0,'Midrange',788),(12,2,211,0,'Midrange',789),(12,2,212,0,'Midrange',790),(12,2,213,0,'Midrange',791),(12,2,214,0,'Midrange',792),(12,2,215,0,'Midrange',793),(12,2,216,0,'Midrange',794),(12,2,217,0,'Midrange',795),(12,2,218,0,'Midrange',796),(12,2,219,0,'Midrange',797),(12,2,220,0,'Midrange',798),(12,2,221,0,'Midrange',799),(12,2,222,0,'Midrange',800),(12,2,223,0,'Midrange',801),(12,2,224,0,'Midrange',802),(12,2,225,0,'Midrange',803),(12,2,226,0,'Midrange',804),(12,2,227,0,'Midrange',805),(12,2,228,0,'Midrange',806),(12,2,229,0,'Midrange',807),(12,2,230,0,'Midrange',808),(12,2,231,0,'Midrange',809),(12,2,232,0,'Midrange',810),(12,2,233,0,'Midrange',811),(12,2,234,0,'Midrange',812),(12,2,235,0,'Midrange',813),(12,2,236,0,'Midrange',814),(12,2,237,0,'Midrange',815),(12,2,238,0,'Midrange',816),(12,2,239,0,'Midrange',817),(12,2,240,0,'Midrange',818),(12,2,241,0,'Midrange',819),(12,2,242,0,'Midrange',820),(12,2,243,0,'Midrange',821),(12,2,244,0,'Midrange',822),(12,2,245,0,'Midrange',823),(12,2,246,0,'Midrange',824),(12,2,247,0,'Midrange',825),(12,2,248,0,'Midrange',826),(12,2,249,0,'Midrange',827),(12,2,250,0,'Midrange',828),(12,3,1,0,'Midrange',1049),(12,3,2,0,'Midrange',1050),(12,3,3,0,'Midrange',1051),(12,3,4,0,'Midrange',1052),(12,3,5,0,'Midrange',1053),(12,3,6,0,'Midrange',1054),(12,3,7,0,'Midrange',1055),(12,3,8,0,'Midrange',1056),(12,3,9,0,'Midrange',1057),(12,3,10,0,'Midrange',1058),(12,3,11,0,'Midrange',1059),(12,3,12,0,'Midrange',1060),(12,3,13,0,'Midrange',1061),(12,3,14,0,'Midrange',1062),(12,3,15,0,'Midrange',1063),(12,3,16,0,'Midrange',1064),(12,3,17,0,'Midrange',1065),(12,3,18,0,'Midrange',1066),(12,3,19,0,'Midrange',1067),(12,3,20,0,'Midrange',1068),(12,3,21,0,'Midrange',1069),(12,3,22,0,'Midrange',1070),(12,3,23,0,'Midrange',1071),(12,3,24,0,'Midrange',1072),(12,3,25,0,'Midrange',1073),(12,3,26,0,'Midrange',1074),(12,3,27,0,'Midrange',1075),(12,3,28,0,'Midrange',1076),(12,3,29,0,'Midrange',1077),(12,3,30,0,'Midrange',1078),(12,3,31,0,'Midrange',1079),(12,3,32,0,'Midrange',1080),(12,3,33,0,'Midrange',1081),(12,3,34,0,'Midrange',1082),(12,3,35,0,'Midrange',1083),(12,3,36,0,'Midrange',1084),(12,3,37,0,'Midrange',1085),(12,3,38,0,'Midrange',1086),(12,3,39,0,'Midrange',1087),(12,3,40,0,'Midrange',1088),(12,3,41,0,'Midrange',1089),(12,3,42,0,'Midrange',1090),(12,3,43,0,'Midrange',1091),(12,3,44,0,'Midrange',1092),(12,3,45,0,'Midrange',1093),(12,3,46,0,'Midrange',1094),(12,3,47,0,'Midrange',1095),(12,3,48,0,'Midrange',1096),(12,3,49,0,'Midrange',1097),(12,3,50,0,'Midrange',1098),(12,3,51,0,'Midrange',1099),(12,3,52,0,'Midrange',1100),(12,3,53,0,'Midrange',1101),(12,3,54,0,'Midrange',1102),(12,3,55,0,'Midrange',1103),(12,3,56,0,'Midrange',1104),(12,3,57,0,'Midrange',1105),(12,3,58,0,'Midrange',1106),(12,3,59,0,'Midrange',1107),(12,3,60,0,'Midrange',1108),(12,3,61,0,'Midrange',1109),(12,3,62,0,'Midrange',1110),(12,3,63,0,'Midrange',1111),(12,3,64,0,'Midrange',1112),(12,3,65,0,'Midrange',1113),(12,3,66,0,'Midrange',1114),(12,3,67,0,'Midrange',1115),(12,3,68,0,'Midrange',1116),(12,3,69,0,'Midrange',1117),(12,3,70,0,'Midrange',1118),(12,3,71,0,'Midrange',1119),(12,3,72,0,'Midrange',1120),(12,3,73,0,'Midrange',1121),(12,3,74,0,'Midrange',1122),(12,3,75,0,'Midrange',1123),(12,3,76,0,'Midrange',1124),(12,3,77,0,'Midrange',1125),(12,3,78,0,'Midrange',1126),(12,3,79,0,'Midrange',1127),(12,3,80,0,'Midrange',1128),(12,3,81,0,'Midrange',1129),(12,3,82,0,'Midrange',1130),(12,3,83,0,'Midrange',1131),(12,3,84,0,'Midrange',1132),(12,3,85,0,'Midrange',1133),(12,3,86,0,'Midrange',1134),(12,3,87,0,'Midrange',1135),(12,3,88,0,'Midrange',1136),(12,3,89,0,'Midrange',1137),(12,3,90,0,'Midrange',1138),(12,3,91,0,'Midrange',1139),(12,3,92,0,'Midrange',1140),(12,3,93,0,'Midrange',1141),(12,3,94,0,'Midrange',1142),(12,3,95,0,'Midrange',1143),(12,3,96,0,'Midrange',1144),(12,3,97,0,'Midrange',1145),(12,3,98,0,'Midrange',1146),(12,3,99,0,'Midrange',1147),(12,3,100,0,'Midrange',1148),(12,3,101,0,'Midrange',1149),(12,3,102,0,'Midrange',1150),(12,3,103,0,'Midrange',1151),(12,3,104,0,'Midrange',1152),(12,3,105,0,'Midrange',1153),(12,3,106,0,'Midrange',1154),(12,3,107,0,'Midrange',1155),(12,3,108,0,'Midrange',1156),(12,3,109,0,'Midrange',1157),(12,3,110,0,'Midrange',1158),(12,3,111,0,'Midrange',1159),(12,3,112,0,'Midrange',1160),(12,3,113,0,'Midrange',1161),(12,3,114,0,'Midrange',1162),(12,3,115,0,'Midrange',1163),(12,3,116,0,'Midrange',1164),(12,3,117,0,'Midrange',1165),(12,3,118,0,'Midrange',1166),(12,3,119,0,'Midrange',1167),(12,3,120,0,'Midrange',1168),(12,3,121,0,'Midrange',1169),(12,3,122,0,'Midrange',1170),(12,3,123,0,'Midrange',1171),(12,3,124,0,'Midrange',1172),(12,3,125,0,'Midrange',1173),(12,3,126,0,'Midrange',1174),(12,3,127,0,'Midrange',1175),(12,3,128,0,'Midrange',1176),(12,3,129,0,'Midrange',1177),(12,3,130,0,'Midrange',1178),(12,3,131,0,'Midrange',1179),(12,3,132,0,'Midrange',1180),(12,3,133,0,'Midrange',1181),(12,3,134,0,'Midrange',1182),(12,3,135,0,'Midrange',1183),(12,3,136,0,'Midrange',1184),(12,3,137,0,'Midrange',1185),(12,3,138,0,'Midrange',1186),(12,3,139,0,'Midrange',1187),(12,3,140,0,'Midrange',1188),(12,3,141,0,'Midrange',1189),(12,3,142,0,'Midrange',1190),(12,3,143,0,'Midrange',1191),(12,3,144,0,'Midrange',1192),(12,3,145,0,'Midrange',1193),(12,3,146,0,'Midrange',1194),(12,3,147,0,'Midrange',1195),(12,3,148,0,'Midrange',1196),(12,3,149,0,'Midrange',1197),(12,3,150,0,'Midrange',1198),(12,3,151,0,'Midrange',1199),(12,3,152,0,'Midrange',1200),(12,3,153,0,'Midrange',1201),(12,3,154,0,'Midrange',1202),(12,3,155,0,'Midrange',1203),(12,3,156,0,'Midrange',1204),(12,3,157,0,'Midrange',1205),(12,3,158,0,'Midrange',1206),(12,3,159,0,'Midrange',1207),(12,3,160,0,'Midrange',1208),(12,3,161,0,'Midrange',1209),(12,3,162,0,'Midrange',1210),(12,3,163,0,'Midrange',1211),(12,3,164,0,'Midrange',1212),(12,3,165,0,'Midrange',1213),(12,3,166,0,'Midrange',1214),(12,3,167,0,'Midrange',1215),(12,3,168,0,'Midrange',1216),(12,3,169,0,'Midrange',1217),(12,3,170,0,'Midrange',1218),(12,3,171,0,'Midrange',1219),(12,3,172,0,'Midrange',1220),(12,3,173,0,'Midrange',1221),(12,3,174,0,'Midrange',1222),(12,3,175,0,'Midrange',1223),(12,3,176,0,'Midrange',1224),(12,3,177,0,'Midrange',1225),(12,3,178,0,'Midrange',1226),(12,3,179,0,'Midrange',1227),(12,3,180,0,'Midrange',1228),(12,3,181,0,'Midrange',1229),(12,3,182,0,'Midrange',1230),(12,3,183,0,'Midrange',1231),(12,3,184,0,'Midrange',1232),(12,3,185,0,'Midrange',1233),(12,3,186,0,'Midrange',1234),(12,3,187,0,'Midrange',1235),(12,3,188,0,'Midrange',1236),(12,3,189,0,'Midrange',1237),(12,3,190,0,'Midrange',1238),(12,3,191,0,'Midrange',1239),(12,3,192,0,'Midrange',1240),(12,3,193,0,'Midrange',1241),(12,3,194,0,'Midrange',1242),(12,3,195,0,'Midrange',1243),(12,3,196,0,'Midrange',1244),(12,3,197,0,'Midrange',1245),(12,3,198,0,'Midrange',1246),(12,3,199,0,'Midrange',1247),(12,3,200,0,'Midrange',1248),(12,3,201,0,'Midrange',1249),(12,3,202,0,'Midrange',1250),(12,3,203,0,'Midrange',1251),(12,3,204,0,'Midrange',1252),(12,3,205,0,'Midrange',1253),(12,3,206,0,'Midrange',1254),(12,3,207,0,'Midrange',1255),(12,3,208,0,'Midrange',1256),(12,3,209,0,'Midrange',1257),(12,3,210,0,'Midrange',1258),(12,3,211,0,'Midrange',1259),(12,3,212,0,'Midrange',1260),(12,3,213,0,'Midrange',1261),(12,3,214,0,'Midrange',1262),(12,3,215,0,'Midrange',1263),(12,3,216,0,'Midrange',1264),(12,3,217,0,'Midrange',1265),(12,3,218,0,'Midrange',1266),(12,3,219,0,'Midrange',1267),(12,3,220,0,'Midrange',1268),(12,3,221,0,'Midrange',1269),(12,3,222,0,'Midrange',1270),(12,3,223,0,'Midrange',1271),(12,3,224,0,'Midrange',1272),(12,3,225,0,'Midrange',1273),(12,3,226,0,'Midrange',1274),(12,3,227,0,'Midrange',1275),(12,3,228,0,'Midrange',1276),(12,3,229,0,'Midrange',1277),(12,3,230,0,'Midrange',1278),(12,3,231,0,'Midrange',1279),(12,3,232,0,'Midrange',1280),(12,3,233,0,'Midrange',1281),(12,3,234,0,'Midrange',1282),(12,3,235,0,'Midrange',1283),(12,3,236,0,'Midrange',1284),(12,3,237,0,'Midrange',1285),(12,3,238,0,'Midrange',1286),(12,3,239,0,'Midrange',1287),(12,3,240,0,'Midrange',1288),(12,3,241,0,'Midrange',1289),(12,3,242,0,'Midrange',1290),(12,3,243,0,'Midrange',1291),(12,3,244,0,'Midrange',1292),(12,3,245,0,'Midrange',1293),(12,3,246,0,'Midrange',1294),(12,3,247,0,'Midrange',1295),(12,3,248,0,'Midrange',1296),(12,3,249,0,'Midrange',1297),(12,3,250,0,'Midrange',1298),(12,4,1,0,'Midrange',1729),(12,4,2,0,'Midrange',1730),(12,4,3,0,'Midrange',1731),(12,4,4,0,'Midrange',1732),(12,4,5,0,'Midrange',1733),(12,4,6,0,'Midrange',1734),(12,4,7,0,'Midrange',1735),(12,4,8,0,'Midrange',1736),(12,4,9,0,'Midrange',1737),(12,4,10,0,'Midrange',1738),(12,4,11,0,'Midrange',1739),(12,4,12,0,'Midrange',1740),(12,4,13,0,'Midrange',1741),(12,4,14,0,'Midrange',1742),(12,4,15,0,'Midrange',1743),(12,4,16,0,'Midrange',1744),(12,4,17,0,'Midrange',1745),(12,4,18,0,'Midrange',1746),(12,4,19,0,'Midrange',1747),(12,4,20,0,'Midrange',1748),(12,4,21,0,'Midrange',1749),(12,4,22,0,'Midrange',1750),(12,4,23,0,'Midrange',1751),(12,4,24,0,'Midrange',1752),(12,4,25,0,'Midrange',1753),(12,4,26,0,'Midrange',1754),(12,4,27,0,'Midrange',1755),(12,4,28,0,'Midrange',1756),(12,4,29,0,'Midrange',1757),(12,4,30,0,'Midrange',1758),(12,4,31,0,'Midrange',1759),(12,4,32,0,'Midrange',1760),(12,4,33,0,'Midrange',1761),(12,4,34,0,'Midrange',1762),(12,4,35,0,'Midrange',1763),(12,4,36,0,'Midrange',1764),(12,4,37,0,'Midrange',1765),(12,4,38,0,'Midrange',1766),(12,4,39,0,'Midrange',1767),(12,4,40,0,'Midrange',1768),(12,4,41,0,'Midrange',1769),(12,4,42,0,'Midrange',1770),(12,4,43,0,'Midrange',1771),(12,4,44,0,'Midrange',1772),(12,4,45,0,'Midrange',1773),(12,4,46,0,'Midrange',1774),(12,4,47,0,'Midrange',1775),(12,4,48,0,'Midrange',1776),(12,4,49,0,'Midrange',1777),(12,4,50,0,'Midrange',1778),(12,4,51,0,'Midrange',1779),(12,4,52,0,'Midrange',1780),(12,4,53,0,'Midrange',1781),(12,4,54,0,'Midrange',1782),(12,4,55,0,'Midrange',1783),(12,4,56,0,'Midrange',1784),(12,4,57,0,'Midrange',1785),(12,4,58,0,'Midrange',1786),(12,4,59,0,'Midrange',1787),(12,4,60,0,'Midrange',1788),(12,4,61,0,'Midrange',1789),(12,4,62,0,'Midrange',1790),(12,4,63,0,'Midrange',1791),(12,4,64,0,'Midrange',1792),(12,4,65,0,'Midrange',1793),(12,4,66,0,'Midrange',1794),(12,4,67,0,'Midrange',1795),(12,4,68,0,'Midrange',1796),(12,4,69,0,'Midrange',1797),(12,4,70,0,'Midrange',1798),(12,4,71,0,'Midrange',1799),(12,4,72,0,'Midrange',1800),(12,4,73,0,'Midrange',1801),(12,4,74,0,'Midrange',1802),(12,4,75,0,'Midrange',1803),(12,4,76,0,'Midrange',1804),(12,4,77,0,'Midrange',1805),(12,4,78,0,'Midrange',1806),(12,4,79,0,'Midrange',1807),(12,4,80,0,'Midrange',1808),(12,4,81,0,'Midrange',1809),(12,4,82,0,'Midrange',1810),(12,4,83,0,'Midrange',1811),(12,4,84,0,'Midrange',1812),(12,4,85,0,'Midrange',1813),(12,4,86,0,'Midrange',1814),(12,4,87,0,'Midrange',1815),(12,4,88,0,'Midrange',1816),(12,4,89,0,'Midrange',1817),(12,4,90,0,'Midrange',1818),(12,4,91,0,'Midrange',1819),(12,4,92,0,'Midrange',1820),(12,4,93,0,'Midrange',1821),(12,4,94,0,'Midrange',1822),(12,4,95,0,'Midrange',1823),(12,4,96,0,'Midrange',1824),(12,4,97,0,'Midrange',1825),(12,4,98,0,'Midrange',1826),(12,4,99,0,'Midrange',1827),(12,4,100,0,'Midrange',1828),(12,4,101,0,'Midrange',1829),(12,4,102,0,'Midrange',1830),(12,4,103,0,'Midrange',1831),(12,4,104,0,'Midrange',1832),(12,4,105,0,'Midrange',1833),(12,4,106,0,'Midrange',1834),(12,4,107,0,'Midrange',1835),(12,4,108,0,'Midrange',1836),(12,4,109,0,'Midrange',1837),(12,4,110,0,'Midrange',1838),(12,4,111,0,'Midrange',1839),(12,4,112,0,'Midrange',1840),(12,4,113,0,'Midrange',1841),(12,4,114,0,'Midrange',1842),(12,4,115,0,'Midrange',1843),(12,4,116,0,'Midrange',1844),(12,4,117,0,'Midrange',1845),(12,4,118,0,'Midrange',1846),(12,4,119,0,'Midrange',1847),(12,4,120,0,'Midrange',1848),(12,4,121,0,'Midrange',1849),(12,4,122,0,'Midrange',1850),(12,4,123,0,'Midrange',1851),(12,4,124,0,'Midrange',1852),(12,4,125,0,'Midrange',1853),(12,4,126,0,'Midrange',1854),(12,4,127,0,'Midrange',1855),(12,4,128,0,'Midrange',1856),(12,4,129,0,'Midrange',1857),(12,4,130,0,'Midrange',1858),(12,4,131,0,'Midrange',1859),(12,4,132,0,'Midrange',1860),(12,4,133,0,'Midrange',1861),(12,4,134,0,'Midrange',1862),(12,4,135,0,'Midrange',1863),(12,4,136,0,'Midrange',1864),(12,4,137,0,'Midrange',1865),(12,4,138,0,'Midrange',1866),(12,4,139,0,'Midrange',1867),(12,4,140,0,'Midrange',1868),(12,4,141,0,'Midrange',1869),(12,4,142,0,'Midrange',1870),(12,4,143,0,'Midrange',1871),(12,4,144,0,'Midrange',1872),(12,4,145,0,'Midrange',1873),(12,4,146,0,'Midrange',1874),(12,4,147,0,'Midrange',1875),(12,4,148,0,'Midrange',1876),(12,4,149,0,'Midrange',1877),(12,4,150,0,'Midrange',1878),(12,4,151,0,'Midrange',1879),(12,4,152,0,'Midrange',1880),(12,4,153,0,'Midrange',1881),(12,4,154,0,'Midrange',1882),(12,4,155,0,'Midrange',1883),(12,4,156,0,'Midrange',1884),(12,4,157,0,'Midrange',1885),(12,4,158,0,'Midrange',1886),(12,4,159,0,'Midrange',1887),(12,4,160,0,'Midrange',1888),(12,4,161,0,'Midrange',1889),(12,4,162,0,'Midrange',1890),(12,4,163,0,'Midrange',1891),(12,4,164,0,'Midrange',1892),(12,4,165,0,'Midrange',1893),(12,4,166,0,'Midrange',1894),(12,4,167,0,'Midrange',1895),(12,4,168,0,'Midrange',1896),(12,4,169,0,'Midrange',1897),(12,4,170,0,'Midrange',1898),(12,4,171,0,'Midrange',1899),(12,4,172,0,'Midrange',1900),(12,4,173,0,'Midrange',1901),(12,4,174,0,'Midrange',1902),(12,4,175,0,'Midrange',1903),(12,4,176,0,'Midrange',1904),(12,4,177,0,'Midrange',1905),(12,4,178,0,'Midrange',1906),(12,4,179,0,'Midrange',1907),(12,4,180,0,'Midrange',1908),(12,4,181,0,'Midrange',1909),(12,4,182,0,'Midrange',1910),(12,4,183,0,'Midrange',1911),(12,4,184,0,'Midrange',1912),(12,4,185,0,'Midrange',1913),(12,4,186,0,'Midrange',1914),(12,4,187,0,'Midrange',1915),(12,4,188,0,'Midrange',1916),(12,4,189,0,'Midrange',1917),(12,4,190,0,'Midrange',1918),(12,4,191,0,'Midrange',1919),(12,4,192,0,'Midrange',1920),(12,4,193,0,'Midrange',1921),(12,4,194,0,'Midrange',1922),(12,4,195,0,'Midrange',1923),(12,4,196,0,'Midrange',1924),(12,4,197,0,'Midrange',1925),(12,4,198,0,'Midrange',1926),(12,4,199,0,'Midrange',1927),(12,4,200,0,'Midrange',1928),(12,4,201,0,'Midrange',1929),(12,4,202,0,'Midrange',1930),(12,4,203,0,'Midrange',1931),(12,4,204,0,'Midrange',1932),(12,4,205,0,'Midrange',1933),(12,4,206,0,'Midrange',1934),(12,4,207,0,'Midrange',1935),(12,4,208,0,'Midrange',1936),(12,4,209,0,'Midrange',1937),(12,4,210,0,'Midrange',1938),(12,4,211,0,'Midrange',1939),(12,4,212,0,'Midrange',1940),(12,4,213,0,'Midrange',1941),(12,4,214,0,'Midrange',1942),(12,4,215,0,'Midrange',1943),(12,4,216,0,'Midrange',1944),(12,4,217,0,'Midrange',1945),(12,4,218,0,'Midrange',1946),(12,4,219,0,'Midrange',1947),(12,4,220,0,'Midrange',1948),(12,4,221,0,'Midrange',1949),(12,4,222,0,'Midrange',1950),(12,4,223,0,'Midrange',1951),(12,4,224,0,'Midrange',1952),(12,4,225,0,'Midrange',1953),(12,4,226,0,'Midrange',1954),(12,4,227,0,'Midrange',1955),(12,4,228,0,'Midrange',1956),(12,4,229,0,'Midrange',1957),(12,4,230,0,'Midrange',1958),(12,4,231,0,'Midrange',1959),(12,4,232,0,'Midrange',1960),(12,4,233,0,'Midrange',1961),(12,4,234,0,'Midrange',1962),(12,4,235,0,'Midrange',1963),(12,4,236,0,'Midrange',1964),(12,4,237,0,'Midrange',1965),(12,4,238,0,'Midrange',1966),(12,4,239,0,'Midrange',1967),(12,4,240,0,'Midrange',1968),(12,4,241,0,'Midrange',1969),(12,4,242,0,'Midrange',1970),(12,4,243,0,'Midrange',1971),(12,4,244,0,'Midrange',1972),(12,4,245,0,'Midrange',1973),(12,4,246,0,'Midrange',1974),(12,4,247,0,'Midrange',1975),(12,4,248,0,'Midrange',1976),(12,4,249,0,'Midrange',1977),(12,4,250,0,'Midrange',1978),(12,5,1,0,'Basic',329),(12,5,2,0,'Basic',330),(12,5,3,0,'Basic',331),(12,5,4,0,'Basic',332),(12,5,5,0,'Basic',333),(12,5,6,0,'Basic',334),(12,5,7,0,'Basic',335),(12,5,8,0,'Basic',336),(12,5,9,0,'Basic',337),(12,5,10,0,'Basic',338),(12,5,11,0,'Basic',339),(12,5,12,0,'Basic',340),(12,5,13,0,'Basic',341),(12,5,14,0,'Basic',342),(12,5,15,0,'Basic',343),(12,5,16,0,'Basic',344),(12,5,17,0,'Basic',345),(12,5,18,0,'Basic',346),(12,5,19,0,'Basic',347),(12,5,20,0,'Basic',348),(12,5,21,0,'Basic',349),(12,5,22,0,'Basic',350),(12,5,23,0,'Basic',351),(12,5,24,0,'Basic',352),(12,5,25,0,'Basic',353),(12,5,26,0,'Basic',354),(12,5,27,0,'Basic',355),(12,5,28,0,'Basic',356),(12,5,29,0,'Basic',357),(12,5,30,0,'Basic',358),(12,5,31,0,'Basic',359),(12,5,32,0,'Basic',360),(12,5,33,0,'Basic',361),(12,5,34,0,'Basic',362),(12,5,35,0,'Basic',363),(12,5,36,0,'Basic',364),(12,5,37,0,'Basic',365),(12,5,38,0,'Basic',366),(12,5,39,0,'Basic',367),(12,5,40,0,'Basic',368),(12,5,41,0,'Basic',369),(12,5,42,0,'Basic',370),(12,5,43,0,'Basic',371),(12,5,44,0,'Basic',372),(12,5,45,0,'Basic',373),(12,5,46,0,'Basic',374),(12,5,47,0,'Basic',375),(12,5,48,0,'Basic',376),(12,5,49,0,'Basic',377),(12,5,50,0,'Basic',378),(12,5,51,0,'Basic',379),(12,5,52,0,'Basic',380),(12,5,53,0,'Basic',381),(12,5,54,0,'Basic',382),(12,5,55,0,'Basic',383),(12,5,56,0,'Basic',384),(12,5,57,0,'Basic',385),(12,5,58,0,'Basic',386),(12,5,59,0,'Basic',387),(12,5,60,0,'Basic',388),(12,5,61,0,'Basic',389),(12,5,62,0,'Basic',390),(12,5,63,0,'Basic',391),(12,5,64,0,'Basic',392),(12,5,65,0,'Basic',393),(12,5,66,0,'Basic',394),(12,5,67,0,'Basic',395),(12,5,68,0,'Basic',396),(12,5,69,0,'Basic',397),(12,5,70,0,'Basic',398),(12,5,71,0,'Basic',399),(12,5,72,0,'Basic',400),(12,5,73,0,'Basic',401),(12,5,74,0,'Basic',402),(12,5,75,0,'Basic',403),(12,5,76,0,'Basic',404),(12,5,77,0,'Basic',405),(12,5,78,0,'Basic',406),(12,5,79,0,'Basic',407),(12,5,80,0,'Basic',408),(12,5,81,0,'Basic',409),(12,5,82,0,'Basic',410),(12,5,83,0,'Basic',411),(12,5,84,0,'Basic',412),(12,5,85,0,'Basic',413),(12,5,86,0,'Basic',414),(12,5,87,0,'Basic',415),(12,5,88,0,'Basic',416),(12,5,89,0,'Basic',417),(12,5,90,0,'Basic',418),(12,5,91,0,'Basic',419),(12,5,92,0,'Basic',420),(12,5,93,0,'Basic',421),(12,5,94,0,'Basic',422),(12,5,95,0,'Basic',423),(12,5,96,0,'Basic',424),(12,5,97,0,'Basic',425),(12,5,98,0,'Basic',426),(12,5,99,0,'Basic',427),(12,5,100,0,'Basic',428),(12,5,101,0,'Basic',429),(12,5,102,0,'Basic',430),(12,5,103,0,'Basic',431),(12,5,104,0,'Basic',432),(12,5,105,0,'Basic',433),(12,5,106,0,'Basic',434),(12,5,107,0,'Basic',435),(12,5,108,0,'Basic',436),(12,5,109,0,'Basic',437),(12,5,110,0,'Basic',438),(12,5,111,0,'Basic',439),(12,5,112,0,'Basic',440),(12,5,113,0,'Basic',441),(12,5,114,0,'Basic',442),(12,5,115,0,'Basic',443),(12,5,116,0,'Basic',444),(12,5,117,0,'Basic',445),(12,5,118,0,'Basic',446),(12,5,119,0,'Basic',447),(12,5,120,0,'Basic',448),(12,5,121,0,'Basic',449),(12,5,122,0,'Basic',450),(12,5,123,0,'Basic',451),(12,5,124,0,'Basic',452),(12,5,125,0,'Basic',453),(12,5,126,0,'Basic',454),(12,5,127,0,'Basic',455),(12,5,128,0,'Basic',456),(12,5,129,0,'Basic',457),(12,5,130,0,'Basic',458),(12,5,131,0,'Basic',459),(12,5,132,0,'Basic',460),(12,5,133,0,'Basic',461),(12,5,134,0,'Basic',462),(12,5,135,0,'Basic',463),(12,5,136,0,'Basic',464),(12,5,137,0,'Basic',465),(12,5,138,0,'Basic',466),(12,5,139,0,'Basic',467),(12,5,140,0,'Basic',468),(12,5,141,0,'Basic',469),(12,5,142,0,'Basic',470),(12,5,143,0,'Basic',471),(12,5,144,0,'Basic',472),(12,5,145,0,'Basic',473),(12,5,146,0,'Basic',474),(12,5,147,0,'Basic',475),(12,5,148,0,'Basic',476),(12,5,149,0,'Basic',477),(12,5,150,0,'Basic',478),(12,5,151,0,'Basic',479),(12,5,152,0,'Basic',480),(12,5,153,0,'Basic',481),(12,5,154,0,'Basic',482),(12,5,155,0,'Basic',483),(12,5,156,0,'Basic',484),(12,5,157,0,'Basic',485),(12,5,158,0,'Basic',486),(12,5,159,0,'Basic',487),(12,5,160,0,'Basic',488),(12,5,161,0,'Basic',489),(12,5,162,0,'Basic',490),(12,5,163,0,'Basic',491),(12,5,164,0,'Basic',492),(12,5,165,0,'Basic',493),(12,5,166,0,'Basic',494),(12,5,167,0,'Basic',495),(12,5,168,0,'Basic',496),(12,5,169,0,'Basic',497),(12,5,170,0,'Basic',498),(12,5,171,0,'Basic',499),(12,5,172,0,'Basic',500),(12,5,173,0,'Basic',501),(12,5,174,0,'Basic',502),(12,5,175,0,'Basic',503),(12,5,176,0,'Basic',504),(12,5,177,0,'Basic',505),(12,5,178,0,'Basic',506),(12,5,179,0,'Basic',507),(12,5,180,0,'Basic',508),(12,5,181,0,'Basic',509),(12,5,182,0,'Basic',510),(12,5,183,0,'Basic',511),(12,5,184,0,'Basic',512),(12,5,185,0,'Basic',513),(12,5,186,0,'Basic',514),(12,5,187,0,'Basic',515),(12,5,188,0,'Basic',516),(12,5,189,0,'Basic',517),(12,5,190,0,'Basic',518),(12,5,191,0,'Basic',519),(12,5,192,0,'Basic',520),(12,5,193,0,'Basic',521),(12,5,194,0,'Basic',522),(12,5,195,0,'Basic',523),(12,5,196,0,'Basic',524),(12,5,197,0,'Basic',525),(12,5,198,0,'Basic',526),(12,5,199,0,'Basic',527),(12,5,200,0,'Basic',528),(12,5,201,0,'Basic',529),(12,5,202,0,'Basic',530),(12,5,203,0,'Basic',531),(12,5,204,0,'Basic',532),(12,5,205,0,'Basic',533),(12,5,206,0,'Basic',534),(12,5,207,0,'Basic',535),(12,5,208,0,'Basic',536),(12,5,209,0,'Basic',537),(12,5,210,0,'Basic',538),(12,5,211,0,'Basic',539),(12,5,212,0,'Basic',540),(12,5,213,0,'Basic',541),(12,5,214,0,'Basic',542),(12,5,215,0,'Basic',543),(12,5,216,0,'Basic',544),(12,5,217,0,'Basic',545),(12,5,218,0,'Basic',546),(12,5,219,0,'Basic',547),(12,5,220,0,'Basic',548),(12,5,221,0,'Basic',549),(12,5,222,0,'Basic',550),(12,5,223,0,'Basic',551),(12,5,224,0,'Basic',552),(12,5,225,0,'Basic',553),(12,5,226,0,'Basic',554),(12,5,227,0,'Basic',555),(12,5,228,0,'Basic',556),(12,5,229,0,'Basic',557),(12,5,230,0,'Basic',558),(12,5,231,0,'Basic',559),(12,5,232,0,'Basic',560),(12,5,233,0,'Basic',561),(12,5,234,0,'Basic',562),(12,5,235,0,'Basic',563),(12,5,236,0,'Basic',564),(12,5,237,0,'Basic',565),(12,5,238,0,'Basic',566),(12,5,239,0,'Basic',567),(12,5,240,0,'Basic',568),(12,5,241,0,'Basic',569),(12,5,242,0,'Basic',570),(12,5,243,0,'Basic',571),(12,5,244,0,'Basic',572),(12,5,245,0,'Basic',573),(12,5,246,0,'Basic',574),(12,5,247,0,'Basic',575),(12,5,248,0,'Basic',576),(12,5,249,0,'Basic',577),(12,5,250,0,'Basic',578),(13,1,1,0,'Midrange',1979),(13,1,2,0,'Midrange',1980),(13,1,3,0,'Midrange',1981),(13,1,4,0,'Midrange',1982),(13,1,5,0,'Midrange',1983),(13,1,6,0,'Midrange',1984),(13,1,7,0,'Midrange',1985),(13,1,8,0,'Midrange',1986),(13,1,9,0,'Midrange',1987),(13,1,10,0,'Midrange',1988),(13,2,1,0,'Basic',1989),(13,2,2,0,'Basic',1990),(13,2,3,0,'Basic',1991),(13,2,4,0,'Basic',1992),(13,2,5,0,'Basic',1993),(13,2,6,0,'Basic',1994),(13,2,7,0,'Basic',1995),(13,2,8,0,'Basic',1996),(13,2,9,0,'Basic',1997),(13,2,10,0,'Basic',1998),(13,2,11,0,'Basic',1999),(13,2,12,0,'Basic',2000),(13,2,13,0,'Basic',2001),(14,1,1,0,'Basic',2002),(14,1,2,0,'Basic',2003),(14,1,3,0,'Basic',2004),(14,1,4,0,'Basic',2005),(14,1,5,0,'Basic',2006),(14,1,6,0,'Basic',2007),(14,1,7,0,'Basic',2008),(14,1,8,0,'Basic',2009),(14,1,9,0,'Basic',2010),(14,1,10,0,'Basic',2011),(14,1,11,0,'Basic',2012),(14,1,12,0,'Basic',2013),(14,2,1,0,'Basic',2014),(14,2,2,0,'Basic',2015),(14,2,3,0,'Basic',2016),(14,2,4,0,'Basic',2017),(14,2,5,0,'Basic',2018),(14,2,6,0,'Basic',2019),(14,2,7,0,'Basic',2020),(14,2,8,0,'Basic',2021),(14,2,9,0,'Basic',2022),(14,2,10,0,'Basic',2023),(14,2,11,0,'Basic',2024),(14,2,12,0,'Basic',2025),(14,2,13,0,'Basic',2026),(14,2,14,0,'Basic',2027),(14,2,15,0,'Basic',2028),(14,2,16,0,'Basic',2029),(14,2,17,0,'Basic',2030),(14,2,18,0,'Basic',2031),(14,2,19,0,'Basic',2032),(14,2,20,0,'Basic',2033);
/*!40000 ALTER TABLE `parking_spots` ENABLE KEYS */;
UNLOCK TABLES;

--
-- Table structure for table `reservations`
--

DROP TABLE IF EXISTS `reservations`;
/*!40101 SET @saved_cs_client     = @@character_set_client */;
 SET character_set_client = utf8 ;
CREATE TABLE `reservations` (
  `Reservation_Id` int(11) NOT NULL AUTO_INCREMENT,
  `Spot_UID` int(11) NOT NULL,
  `Start_Time` datetime NOT NULL,
  `End_Time` datetime NOT NULL,
  `NoShow` tinyint(4) DEFAULT '0',
  `OverStay` tinyint(4) DEFAULT '0',
  `User_Id` int(11) NOT NULL,
  `Cart` tinyint(4) NOT NULL DEFAULT '0',
  `Camera` tinyint(4) NOT NULL DEFAULT '0',
  `History` tinyint(4) NOT NULL DEFAULT '0',
  `Total` float NOT NULL DEFAULT '0',
  PRIMARY KEY (`Spot_UID`,`End_Time`,`Start_Time`),
  UNIQUE KEY `Reservation_Id_UNIQUE` (`Reservation_Id`),
  KEY `Fk_Spot_UID_idx` (`Spot_UID`),
  KEY `reservations_systems_users_FK` (`User_Id`),
  CONSTRAINT `Fk_Spot_UID` FOREIGN KEY (`Spot_UID`) REFERENCES `parking_spots` (`Spot_UID`)
  ON DELETE CASCADE
  ON UPDATE CASCADE,
  CONSTRAINT `reservations_systems_users_FK` FOREIGN KEY (`User_Id`) REFERENCES `system_users` (`User_Id`)
) ENGINE=InnoDB AUTO_INCREMENT=15 DEFAULT CHARSET=utf8 COLLATE=utf8_unicode_ci;
/*!40101 SET character_set_client = @saved_cs_client */;

--
-- Dumping data for table `reservations`
--

LOCK TABLES `reservations` WRITE;
/*!40000 ALTER TABLE `reservations` DISABLE KEYS */;
INSERT INTO `reservations` VALUES (7,159,'2019-03-05 09:30:00','2019-03-05 09:45:00',0,0,23,0,0,0,0),(9,159,'2019-03-05 09:45:00','2019-03-05 10:00:00',0,1,25,0,0,0,0),(12,1551,'2019-04-13 23:00:00','2019-04-13 23:15:00',0,0,19,1,1,1,39.836),(13,1551,'2019-04-14 23:00:00','2019-04-14 23:15:00',0,0,19,1,1,1,39.836),(14,1552,'2019-04-14 03:00:00','2019-04-14 03:15:00',0,0,19,1,1,1,39.836);
/*!40000 ALTER TABLE `reservations` ENABLE KEYS */;
UNLOCK TABLES;

--
-- Table structure for table `system_users`
--

DROP TABLE IF EXISTS `system_users`;
/*!40101 SET @saved_cs_client     = @@character_set_client */;
 SET character_set_client = utf8 ;
CREATE TABLE `system_users` (
  `User_Id` int(11) NOT NULL AUTO_INCREMENT,
  `UserName` varchar(10) NOT NULL,
  `HashedPassword` char(128) NOT NULL,
  `Role` varchar(20) DEFAULT NULL,
  `IsRevoked` tinyint(4) NOT NULL DEFAULT '0',
  `PermitType` varchar(20) DEFAULT NULL,
  PRIMARY KEY (`User_Id`),
  UNIQUE KEY `UserName_UNIQUE` (`UserName`)
) ENGINE=InnoDB AUTO_INCREMENT=127 DEFAULT CHARSET=utf8 COLLATE=utf8_unicode_ci;
/*!40101 SET character_set_client = @saved_cs_client */;

--
-- Dumping data for table `system_users`
--

LOCK TABLES `system_users` WRITE;
/*!40000 ALTER TABLE `system_users` DISABLE KEYS */;
INSERT INTO `system_users` VALUES (15,'toshal','d10676bf6ff73077b00d01410171db55','ParkingManager',0,'Premium'),(16,'aditya','d10676bf6ff73077b00d01410171db55','ParkingUser',0,'Premium'),(17,'she123','d10676bf6ff73077b00d01410171db55','Admin',0,'Access'),(18,'sadsadsa','0e79c772a2020f574446c7054c059501','ParkingUser',0,'Basic'),(19,'toshaltest','0e79c772a2020f574446c7054c059501','ParkingUser',0,'Premium'),(20,'test1','e1b849f9631ffc1829b2e31402373e3c','ParkingUser',0,'Basic'),(21,'parkingm','2e33a9b0b06aa0a01ede70995674ee23','ParkingManager',0,'Basic'),(22,'parkinguse','9fe05f6c89715ba2aea5ad876d5c3b97','ParkingUser',0,'Basic'),(23,'toshaltam','0e79c772a2020f574446c7054c059501','ParkingUser',0,'Basic'),(24,'toshaltam1','0e79c772a2020f574446c7054c059501','ParkingUser',0,'Basic'),(25,'toshaltam2','1cba753f1752089155f725e19a17c2b3','ParkingUser',1,'Premium'),(26,'adi1','6b7ca7e0fcad1f113f17bc2d30adbf52','Admin',1,'Premium'),(27,'parkingma','b7ba5ada08dc854ca9e7643f6df62536','ParkingManager',0,'Basic'),(28,'toshaltam0','0e79c772a2020f574446c7054c059501','ParkingManager',0,'Premium'),(29,'adityavb','7d0ea27c607804ca5078d12c10467bf1','ParkingManager',0,'Premium'),(30,'toshal11','0e79c772a2020f574446c7054c059501','ParkingUser',0,'Basic'),(31,'toshal111','0e79c772a2020f574446c7054c059501','ParkingUser',0,'Basic'),(33,'User10','31b083bc7281321ea98d3c1bc9701627','Admin',0,'Basic'),(34,'manager123','0e79c772a2020f574446c7054c059501','ParkingUser',0,'Basic'),(35,'ThaFett','2ac9cb7dc02b3c0083eb70898e549b63','Admin',0,'Basic'),(36,'tosh120','0e79c772a2020f574446c7054c059501','ParkingUser',0,'Basic'),(37,'toshalxyz','0e79c772a2020f574446c7054c059501','ParkingUser',0,'Basic'),(38,'tosh555','0e79c772a2020f574446c7054c059501','ParkingUser',0,'Basic'),(40,'admintest3','2e6e5a2b38ba905790605c9b101497bc','Admin',0,'Basic'),(41,'user1','2e6e5a2b38ba905790605c9b101497bc','ParkingUser',0,'Basic'),(42,'userbas2','2e6e5a2b38ba905790605c9b101497bc','ParkingUser',0,'Basic'),(43,'userprm2','2e6e5a2b38ba905790605c9b101497bc','ParkingUser',0,'Premium'),(44,'useracc2','2e6e5a2b38ba905790605c9b101497bc','ParkingUser',0,'Access'),(45,'usermid2','2e6e5a2b38ba905790605c9b101497bc','ParkingUser',0,'Midrange'),(46,'admin1','2e6e5a2b38ba905790605c9b101497bc','Admin',0,'Basic'),(47,'admintest4','2e6e5a2b38ba905790605c9b101497bc','Admin',0,'Basic'),(48,'parkm1','2e6e5a2b38ba905790605c9b101497bc','ParkingManager',0,'Basic'),(49,'parkmtest2','2e6e5a2b38ba905790605c9b101497bc','ParkingManager',0,'Basic'),(91,'User6','10ddead5bb8bcfaa4d62090acd7cdfb2','ParkingUser',1,'Basic'),(126,'User7','98cd5d17f0660baca7d652995f0d17b6','Admin',0,'Basic');
/*!40000 ALTER TABLE `system_users` ENABLE KEYS */;
UNLOCK TABLES;

--
-- Table structure for table `user_details`
--

DROP TABLE IF EXISTS `user_details`;
/*!40101 SET @saved_cs_client     = @@character_set_client */;
 SET character_set_client = utf8 ;
CREATE TABLE `user_details` (
  `User_Id` int(11) NOT NULL,
  `FirstName` varchar(45) NOT NULL,
  `MiddleName` varchar(45) DEFAULT NULL,
  `LastName` varchar(45) DEFAULT NULL,
  `Sex` varchar(45) DEFAULT NULL,
  `DOB` date DEFAULT NULL,
  `Address` varchar(200) DEFAULT NULL,
  `Email` varchar(45) NOT NULL,
  `Phone` varchar(25) DEFAULT NULL,
  `DL_Number` varchar(25) DEFAULT NULL,
  `DL_Expiry` date NOT NULL,
  `Reg_Number` varchar(10) NOT NULL,
  `uta_Id` varchar(20) DEFAULT NULL,
  PRIMARY KEY (`User_Id`),
  CONSTRAINT `User_Id_FK` FOREIGN KEY (`User_Id`) REFERENCES `system_users` (`User_Id`) ON DELETE CASCADE ON UPDATE CASCADE
) ENGINE=InnoDB DEFAULT CHARSET=utf8 COLLATE=utf8_unicode_ci;
/*!40101 SET character_set_client = @saved_cs_client */;

--
-- Dumping data for table `user_details`
--

LOCK TABLES `user_details` WRITE;
/*!40000 ALTER TABLE `user_details` DISABLE KEYS */;
INSERT INTO `user_details` VALUES (22,'Shehzad','','Islam','Male','2018-09-01','Greek Row 1','shehzad@uta.edu','6662222347','11223344','2019-03-31','111111','1001111111'),(25,'Toshal','','Tambave','Male','2019-03-04','800 Benge Drive, Apt 28','toshal@uta.edu','6824149614','11223344','2019-03-13','11223344','1001111111'),(26,'Toshal','','Tambave','Male','2019-03-04','800 Benge Drive, Apt 28','toshaltambave@gmail.com','6824149614','11111111','2019-03-28','1111111111','1001111111'),(28,'Toshal','','Tam','Male','2019-03-12','as','asa@add.com','1234567890','12345678','2019-03-30','1001529480','1001529480'),(29,'Aditya','Vinayak','Bharaswadkar','Male','2019-02-14','causley ave apt 34','adityavb91@gmail.com','6824149621','68241496','2019-09-26','MH02BR885','1001529570'),(33,'Lex','','Luthor','Male','2019-04-01','LexCorp','Lex@aol.com','4693332514','14412552','2019-04-30','12332147','1000212003'),(35,'Lex','','Luthor','Male','2019-04-01','LexCorp','Lex@aol.com','4693332514','14412552','2019-04-30','12332147','1000212003'),(36,'Toshal','','Tam','Male','2019-04-01','LexCorp','Lex@aol.com','4693332514','14412552','2019-04-30','12332147','1000212003'),(38,'Toshal','','Tam','Male','2019-04-01','LexCorp','Lex@aol.com','4693332514','14412552','2019-04-30','12332147','1000212003'),(40,'Admin','Admin','Admin','Female','1990-01-01','UTA','admin@core.com','1010101010','10112222','2020-04-25','112233','1001333689'),(42,'parkinguser','parkinguser','parkinguser','Female','1990-01-01','UTA','usercorr@core.com','1010101010','10112222','2020-04-25','112233','1001333689'),(43,'parkinguser','parkinguser','parkinguser','Male','1990-01-01','UTA','usercorr@core.com','1010101010','10112222','2020-04-25','112233','1001333689'),(44,'parkinguser','parkinguser','parkinguser','Male','1990-01-01','UTA','usercorr@core.com','1010101010','10112222','2020-04-25','112233','1001333689'),(45,'parkinguser','parkinguser','parkinguser','Male','1990-01-01','UTA','usercorr@core.com','1010101010','10112222','2020-04-25','112233','1001333689'),(47,'Admin','Admin','Admin','Female','1990-01-01','UTA','admin@core.com','1010101010','10112222','2020-04-25','112233','1001333689'),(49,'ParkingManager','ParkingManager','ParkingManager','Female','1990-01-01','UTA','parkingm@core.com','1010101010','10112222','2020-04-25','112233','1001333689'),(126,'Lex','','Luthor','Male','2019-04-01','LexCorp','Lex@aol.com','4693332514','14412552','2019-04-30','12332147','1000212003');
/*!40000 ALTER TABLE `user_details` ENABLE KEYS */;
UNLOCK TABLES;
/*!40103 SET TIME_ZONE=@OLD_TIME_ZONE */;


ALTER TABLE `parking_management`.`system_users` 
ADD COLUMN `comment` VARCHAR(45) NULL AFTER `PermitType`;

/*!40101 SET SQL_MODE=@OLD_SQL_MODE */;
/*!40014 SET FOREIGN_KEY_CHECKS=@OLD_FOREIGN_KEY_CHECKS */;
/*!40014 SET UNIQUE_CHECKS=@OLD_UNIQUE_CHECKS */;
/*!40101 SET CHARACTER_SET_CLIENT=@OLD_CHARACTER_SET_CLIENT */;
/*!40101 SET CHARACTER_SET_RESULTS=@OLD_CHARACTER_SET_RESULTS */;
/*!40101 SET COLLATION_CONNECTION=@OLD_COLLATION_CONNECTION */;
/*!40111 SET SQL_NOTES=@OLD_SQL_NOTES */;

-- Dump completed on 2019-04-14 14:48:02

ALTER TABLE `parking_management`.`reservations` 
DROP FOREIGN KEY `Fk_Spot_UID`;
ALTER TABLE `parking_management`.`reservations` 
ADD CONSTRAINT `Fk_Spot_UID`
  FOREIGN KEY (`Spot_UID`)
  REFERENCES `parking_management`.`parking_spots` (`Spot_UID`)
  ON DELETE CASCADE
  ON UPDATE CASCADE;
